Year,DCSDC,NI
2005,108.5936913,107.9378086
2006,143.0040476,138.7216003
2007,183.228524,192.5907008
2008,161.4965184,159.1077847
2009,128.0691648,127.441964
2010,116.9669912,118.7342116
2011,103.9816953,104.3683986
2012,94.31835627,92.71475006
2013,89.88877671,90.07163011
2014,94.4718386,97.00450715
2015,101.6255294,104.0543004
2016,110.0689054,110.8279253
